{"bluishost-post-sidebar":{"search-2":{"title":""},"bluishost_latest_news_widget-2":{"title":"Recent News","post_number":"4","show_date":""},"categories-5":{"title":"Categories","count":1,"hierarchical":0,"dropdown":0},"archives-5":{"title":"Archives","count":1,"dropdown":0},"tag_cloud-2":{"title":"Tags","count":0,"taxonomy":"post_tag"},"media_image-2":{"attachment_id":721,"url":"http:\/\/www.wpthemes.tech\/bluishost\/wp-content\/uploads\/2018\/06\/add-300x253.jpg","title":"","size":"medium","width":300,"height":253,"caption":"","alt":"","link_type":"custom","link_url":"","image_classes":"","link_classes":"","link_rel":"","link_target_blank":false,"image_title":""}},"bluishost-page-sidebar":{"search-5":{"title":""},"bluishost_latest_news_widget-3":{"title":"Recent News","post_number":"4","show_date":""},"categories-6":{"title":"Categories","count":1,"hierarchical":0,"dropdown":0},"archives-6":{"title":"Archives","count":1,"dropdown":0},"tag_cloud-3":{"title":"Tags","count":0,"taxonomy":"post_tag"}},"bluishost-woo-sidebar":{"woocommerce_product_search-1":{"title":""},"woocommerce_layered_nav_filters-2":{"title":"Active filters"},"woocommerce_widget_cart-2":{"title":"Cart","hide_if_empty":1},"woocommerce_product_categories-1":{"title":"Product categories","orderby":"name","dropdown":0,"count":0,"hierarchical":1,"show_children_only":0,"hide_empty":0,"max_depth":""},"woocommerce_price_filter-1":{"title":"Filter by price"},"woocommerce_rating_filter-1":{"title":"Average rating"}},"footer-1":{"bluishost_latest_news_widget-4":{"title":"Recent News","post_number":"3","show_date":"on"}},"footer-2":{"custom_html-2":{"title":"Contact Us","content":"<p data-animate=\"fadeInUp\" data-delay=\".17\">There are many variations of passages of Lorem Ipsum majority have suffered.<\/p>\r\n<p data-animate=\"fadeInUp\" data-delay=\".18\">It is a long established fact that a reader will be distracted by the readable content of a page.<\/p>"},"bluishost_contact_info_widget-1":{"title":"","mobile01":"(+01) 2345-67898","mobile02":"(+98) 7654-3210","email":"yourMail@example.com","address":"3520 Cameron Road, Niagara Falls, NY 14301.","social":"on"}},"footer-3":{"bluishost_contact_form_widget-1":{"title":"Get In Touch","shortcode":"[contact-form-7 id=\"77\" title=\"Contact form widget\"]"}}}