{"last_tab":"4","bluishost_display_preloader":"1","bluishost_display_banner_bcktotop":"1","bluishost_display_bcktotop":"1","bluishost_bluishost_body_fonts":{"font-family":"","font-options":"","google":"1","font-weight":"","font-style":""},"bluishost_bluishost_header_fonts":{"font-family":"","font-options":"","google":"1","font-weight":"","font-style":""},"bluishost_unlimited-color":"","bluishost_map_apikey":"AIzaSyCjkssBA3hMeFtClgslO2clWFR6bRraGz0","bluishost_site_logo":{"url":"http:\/\/www.wpthemes.tech\/bluishost\/wp-content\/uploads\/2018\/06\/logo-white.png","id":"670","height":"21","width":"118","thumbnail":"http:\/\/www.wpthemes.tech\/bluishost\/wp-content\/uploads\/2018\/06\/logo-white.png","title":"logo-white","caption":"","alt":"","description":""},"bluishost_sticky_site_logo":{"url":"http:\/\/www.wpthemes.tech\/bluishost\/wp-content\/uploads\/2018\/06\/logo-blue.png","id":"671","height":"21","width":"118","thumbnail":"http:\/\/www.wpthemes.tech\/bluishost\/wp-content\/uploads\/2018\/06\/logo-blue.png","title":"logo-blue","caption":"","alt":"","description":""},"bluishost_site_logo_dimensions":{"width":"px","height":"px","units":"px"},"bluishost_site_logomargin_dimensions":{"margin-top":"","margin-bottom":"","units":"px"},"bluishost_site_title":"","bluishost_header_translate":"","bluishost_header_translatetext":"","bluishost_header_social":"","bluishost_logbtn_imgicon":{"url":"","id":"","height":"","width":"","thumbnail":"","title":"","caption":"","alt":"","description":""},"bluishost_logbtn_icon":"fa-key","bluishost_header_btntext":"Client Area","bluishost_header_btnurl":"#","bluishost_headermenu_bgcolor":{"background-color":""},"bluishost_sticky_headermenu_bgcolor":{"background-color":""},"bluishost_header_menu_color":"","bluishost_header_hov_menu_color":"","bluishost_header_submenu_color":"","bluishost_header_submenu_hover_color":"","bluishost_sticky_header_menu_color":"","bluishost_sticky_header_menuhov_color":"","bluishost_sticky_header_submenu_color":"","bluishost_sticky_header_submenu_hover_color":"","bluishost_allHeader_bg":{"background-color":"#2e5ae8","background-repeat":"","background-size":"","background-attachment":"","background-position":"","background-image":"","media":{"id":"","height":"","width":"","thumbnail":"http:\/\/www.wpthemes.tech\/bluishost\/wp-content\/uploads\/2018\/05\/post7-150x150.jpg"}},"bluishost_allHeader_overlay":"","bluishost_allHeader_ovbg":"","bluishost_allHeader_ovopacity":"0.5","bluishost_allHeader_textcolor":"","bluishost_enable_breadcrumb":"1","bluishost_allHeader_dividercolor":"","bluishost_blog_sidebar":"3","bluishost_blog_grid":"2","bluishost_blog_postExcerpt":"15","bluishost_blog_posttitle_position":"2","bluishost_blog_pagination":"2","bluishost_hide_shareBox":"1","bluishost_page_layoutopt":"2","bluishost_page_sidebar":"1","bluishost_woo_shoppage_sidebar":"3","bluishost_woo_singlepage_sidebar":"3","bluishost_woo_product_col":"4","bluishost_woo_product_perpage":"6","bluishost_woo_shoptitle_switch":"1","bluishost_woo_relproduct_num":"3","bluishost_fof_text":"","bluishost_fof_desc":"The page you are looking for was moved, removed, renamed or might be never exist.","bluishost_fof_img":{"url":"http:\/\/www.wpthemes.tech\/bluishost\/wp-content\/uploads\/2018\/06\/404.png","id":"714","height":"270","width":"195","thumbnail":"http:\/\/www.wpthemes.tech\/bluishost\/wp-content\/uploads\/2018\/06\/404-150x150.png","title":"404","caption":"","alt":"","description":""},"bluishost_fof_background":{"background-color":"","background-repeat":"no-repeat","background-size":"cover","background-attachment":"scroll","background-position":"","background-image":"","media":{"id":"","height":"","width":"","thumbnail":"http:\/\/localhost\/bluishost\/wp-content\/uploads\/2018\/05\/rasel-150x150.jpg"}},"bluishost_fof_bgoverlay":"0","bluishost_fof_overlay_color":{"background-color":""},"bluishost_fof_ovopacity":"0.5","bluishost_fof_text_color":"#ffffff","bluishost_fof_desc_color":"","bluishost_subscribe_apikey":"ab3780c5a0fecc146cae4994c63aca51-us13","bluishost_subscribe_listid":"f4e0e93d1d","bluishost_facebook_link":"#","bluishost_twitter_link":"#","bluishost_google_link":"#","bluishost_youtube_link":"","bluishost_instagram_link":"#","bluishost_vimeo_link":"","bluishost_linkedin_link":"#","bluishost_rss_link":"#","bluishost_behance_link":"","bluishost_pinterest_link":"","bluishost_dribbble_link":"","bluishost_github_link":"","bluishost_footerwidget_switch":"1","bluishost_footercol_switch":"4","bluishost_footer_widget_background":{"background-color":""},"bluishost_footer_widget_title_color":"","bluishost_footer_widget_color":"","bluishost_footer_widget_icon_color":"","bluishost_footer_widget_hov_color":"","bluishost_copyright_text":"","bluishost_footer_copyright_bg":{"background-color":""},"bluishost_footer_copyright_color":"","bluishost_footer_copyright_acolor":"","bluishost_menu_color":"","bluishost_menu_hover_color":"","bluishost_css_editor":"","redux-backup":"1"}